"DESCRIPTION","DURATION IN MS","NAME","PARENT SUITE","START TIME","STATUS","STOP TIME","SUB SUITE","SUITE","TEST CLASS","TEST METHOD"
"","4754","@checklist 7. Colour contrast","lau-chrome","Thu Jul 31 14:54:13 BST 2025","passed","Thu Jul 31 14:54:18 BST 2025","@lau @logOnsAudit","logOnsAudit.spec.js","",""
"","2252","@checklist 10. Correct language","lau-chromium","Thu Jul 31 14:53:07 BST 2025","passed","Thu Jul 31 14:53:10 BST 2025","@lau @caseAudit","caseAudit.spec.js","",""
"","2813","@checklist 10. Correct language","lau-firefox","Thu Jul 31 14:53:42 BST 2025","passed","Thu Jul 31 14:53:45 BST 2025","@lau @caseAudit","caseAudit.spec.js","",""
"","2160","@checklist 2. Heading levels are in a logical order","lau-iphone","Thu Jul 31 14:54:56 BST 2025","passed","Thu Jul 31 14:54:58 BST 2025","@lau @deletedUsers","deletedUsers.spec.js","",""
"","1946","@checklist 5. Page Title is descriptive","lau-chrome","Thu Jul 31 14:54:08 BST 2025","passed","Thu Jul 31 14:54:10 BST 2025","@lau @deletedUsers","deletedUsers.spec.js","",""
"","4283","@checklist 7. Colour contrast","lau-chromium","Thu Jul 31 14:53:18 BST 2025","passed","Thu Jul 31 14:53:22 BST 2025","@lau @logOnsAudit","logOnsAudit.spec.js","",""
"","2994","@checklist 6. Page Title is unique","lau-chrome","Thu Jul 31 14:54:13 BST 2025","passed","Thu Jul 31 14:54:16 BST 2025","@lau @logOnsAudit","logOnsAudit.spec.js","",""
"","3984","@checklist 7. Colour contrast","lau-chrome","Thu Jul 31 14:54:05 BST 2025","passed","Thu Jul 31 14:54:09 BST 2025","@lau @challengedSpecific","challengedAndSpecific.spec.js","",""
"","2285","@checklist 2. Heading levels are in a logical order","lau-chrome","Thu Jul 31 14:54:12 BST 2025","passed","Thu Jul 31 14:54:14 BST 2025","@lau @logOnsAudit","logOnsAudit.spec.js","",""
"","2386","@checklist 1. Headings are visually distinct","lau-chrome","Thu Jul 31 14:54:06 BST 2025","passed","Thu Jul 31 14:54:09 BST 2025","@lau @deletedUsers","deletedUsers.spec.js","",""
"","30081","@checklist 1. Headings are visually distinct","lau-ipad","Thu Jul 31 14:55:15 BST 2025","broken","Thu Jul 31 14:55:46 BST 2025","@lau @deletedUsers","deletedUsers.spec.js","",""
"","2793","@checklist 9. Links are unique","lau-firefox","Thu Jul 31 14:53:55 BST 2025","passed","Thu Jul 31 14:53:58 BST 2025","@lau @logOnsAudit","logOnsAudit.spec.js","",""
"","2542","@checklist 6. Page Title is unique","lau-iphone","Thu Jul 31 14:54:58 BST 2025","passed","Thu Jul 31 14:55:00 BST 2025","@lau @deletedUsers","deletedUsers.spec.js","",""
"","1894","@checklist 1. Headings are visually distinct","lau-chromium","Thu Jul 31 14:53:07 BST 2025","passed","Thu Jul 31 14:53:09 BST 2025","@lau @challengedSpecific","challengedAndSpecific.spec.js","",""
"","3186","@checklist 9. Links are unique","lau-ipad","Thu Jul 31 14:55:10 BST 2025","passed","Thu Jul 31 14:55:13 BST 2025","@lau @caseAudit","caseAudit.spec.js","",""
"","3140","@checklist 8. Links open in new tab","lau-firefox","Thu Jul 31 14:53:51 BST 2025","passed","Thu Jul 31 14:53:54 BST 2025","@lau @deletedUsers","deletedUsers.spec.js","",""
"","2200","@checklist 2. Heading levels are in a logical order","lau-chromium","Thu Jul 31 14:53:05 BST 2025","passed","Thu Jul 31 14:53:07 BST 2025","@lau @caseAudit","caseAudit.spec.js","",""
"","2450","@checklist 8. Links open in new tab","lau-chromium","Thu Jul 31 14:53:07 BST 2025","passed","Thu Jul 31 14:53:09 BST 2025","@lau @caseAudit","caseAudit.spec.js","",""
"","3089","@checklist 6. Page Title is unique","lau-edge","Thu Jul 31 14:54:18 BST 2025","passed","Thu Jul 31 14:54:21 BST 2025","@lau @caseAudit","caseAudit.spec.js","",""
"","2345","@checklist 3. Skip to main content link","lau-chromium","Thu Jul 31 14:53:05 BST 2025","passed","Thu Jul 31 14:53:07 BST 2025","@lau @caseAudit","caseAudit.spec.js","",""
"","2684","@checklist 10. Correct language","lau-edge","Thu Jul 31 14:54:24 BST 2025","passed","Thu Jul 31 14:54:27 BST 2025","@lau @challengedSpecific","challengedAndSpecific.spec.js","",""
"","2068","@checklist 10. Correct language","lau-chromium","Thu Jul 31 14:53:16 BST 2025","passed","Thu Jul 31 14:53:18 BST 2025","@lau @deletedUsers","deletedUsers.spec.js","",""
"","2660","@checklist 6. Page Title is unique","lau-chromium","Thu Jul 31 14:53:05 BST 2025","passed","Thu Jul 31 14:53:07 BST 2025","@lau @caseAudit","caseAudit.spec.js","",""
"","2474","@checklist 2. Heading levels are in a logical order","lau-safari","Thu Jul 31 14:53:29 BST 2025","passed","Thu Jul 31 14:53:31 BST 2025","@lau @deletedUsers","deletedUsers.spec.js","",""
"","2550","@checklist 1. Headings are visually distinct","lau-safari","Thu Jul 31 14:53:25 BST 2025","passed","Thu Jul 31 14:53:27 BST 2025","@lau @challengedSpecific","challengedAndSpecific.spec.js","",""
"","2216","@checklist @smoke 11. Error handling (LAU-1148)","lau-chromium","Thu Jul 31 14:53:07 BST 2025","passed","Thu Jul 31 14:53:09 BST 2025","@lau @caseAudit","caseAudit.spec.js","",""
"","3372","@checklist 7. Colour contrast","lau-iphone","Thu Jul 31 14:54:52 BST 2025","passed","Thu Jul 31 14:54:56 BST 2025","@lau @challengedSpecific","challengedAndSpecific.spec.js","",""
"","3929","@checklist 8. Links open in new tab","lau-iphone","Thu Jul 31 14:54:53 BST 2025","passed","Thu Jul 31 14:54:57 BST 2025","@lau @challengedSpecific","challengedAndSpecific.spec.js","",""
"","2419","@checklist 3. Skip to main content link","lau-safari","Thu Jul 31 14:53:21 BST 2025","passed","Thu Jul 31 14:53:24 BST 2025","@lau @caseAudit","caseAudit.spec.js","",""
"","5847","@checklist 7. Colour contrast","lau-safari","Thu Jul 31 14:53:35 BST 2025","passed","Thu Jul 31 14:53:41 BST 2025","@lau @logOnsAudit","logOnsAudit.spec.js","",""
"","2060","@checklist @smoke 11. Error handling (LAU-1148)","lau-ipad","Thu Jul 31 14:55:15 BST 2025","passed","Thu Jul 31 14:55:17 BST 2025","@lau @challengedSpecific","challengedAndSpecific.spec.js","",""
"","2614","@checklist 9. Links are unique","lau-chromium","Thu Jul 31 14:53:10 BST 2025","passed","Thu Jul 31 14:53:12 BST 2025","@lau @challengedSpecific","challengedAndSpecific.spec.js","",""
"","2773","@checklist 9. Links are unique","lau-firefox","Thu Jul 31 14:53:42 BST 2025","passed","Thu Jul 31 14:53:45 BST 2025","@lau @caseAudit","caseAudit.spec.js","",""
"","2376","@checklist 2. Heading levels are in a logical order","lau-iphone","Thu Jul 31 14:55:00 BST 2025","passed","Thu Jul 31 14:55:03 BST 2025","@lau @logOnsAudit","logOnsAudit.spec.js","",""
"","3175","@checklist @smoke 11. Error handling (LAU-1148)","lau-ipad","Thu Jul 31 14:55:20 BST 2025","passed","Thu Jul 31 14:55:23 BST 2025","@lau @deletedUsers","deletedUsers.spec.js","",""
"","2734","@checklist 4. Page Title not missing","lau-firefox","Thu Jul 31 14:53:54 BST 2025","passed","Thu Jul 31 14:53:56 BST 2025","@lau @logOnsAudit","logOnsAudit.spec.js","",""
"","2486","@checklist 4. Page Title not missing","lau-ipad","Thu Jul 31 14:55:07 BST 2025","passed","Thu Jul 31 14:55:10 BST 2025","@lau @caseAudit","caseAudit.spec.js","",""
"","3637","@checklist 8. Links open in new tab","lau-firefox","Thu Jul 31 14:53:55 BST 2025","passed","Thu Jul 31 14:53:58 BST 2025","@lau @logOnsAudit","logOnsAudit.spec.js","",""
"","2294","@checklist 1. Headings are visually distinct","lau-safari","Thu Jul 31 14:53:33 BST 2025","passed","Thu Jul 31 14:53:35 BST 2025","@lau @logOnsAudit","logOnsAudit.spec.js","",""
"","2491","@checklist 9. Links are unique","lau-edge","Thu Jul 31 14:54:32 BST 2025","passed","Thu Jul 31 14:54:34 BST 2025","@lau @logOnsAudit","logOnsAudit.spec.js","",""
"","2291","@checklist 5. Page Title is descriptive","lau-iphone","Thu Jul 31 14:55:02 BST 2025","passed","Thu Jul 31 14:55:05 BST 2025","@lau @logOnsAudit","logOnsAudit.spec.js","",""
"","2902","@checklist 8. Links open in new tab","lau-ipad","Thu Jul 31 14:55:19 BST 2025","passed","Thu Jul 31 14:55:22 BST 2025","@lau @deletedUsers","deletedUsers.spec.js","",""
"","3282","@checklist 7. Colour contrast","lau-ipad","Thu Jul 31 14:55:13 BST 2025","passed","Thu Jul 31 14:55:16 BST 2025","@lau @challengedSpecific","challengedAndSpecific.spec.js","",""
"","2606","@checklist 2. Heading levels are in a logical order","lau-safari","Thu Jul 31 14:53:20 BST 2025","passed","Thu Jul 31 14:53:23 BST 2025","@lau @caseAudit","caseAudit.spec.js","",""
"","1905","@checklist 5. Page Title is descriptive","lau-chrome","Thu Jul 31 14:54:04 BST 2025","passed","Thu Jul 31 14:54:06 BST 2025","@lau @challengedSpecific","challengedAndSpecific.spec.js","",""
"","2811","@checklist 10. Correct language","lau-safari","Thu Jul 31 14:53:24 BST 2025","passed","Thu Jul 31 14:53:27 BST 2025","@lau @caseAudit","caseAudit.spec.js","",""
"","4407","@checklist 7. Colour contrast","lau-firefox","Thu Jul 31 14:53:50 BST 2025","passed","Thu Jul 31 14:53:55 BST 2025","@lau @deletedUsers","deletedUsers.spec.js","",""
"","2521","@checklist 9. Links are unique","lau-iphone","Thu Jul 31 14:54:49 BST 2025","passed","Thu Jul 31 14:54:51 BST 2025","@lau @caseAudit","caseAudit.spec.js","",""
"","30055","@checklist 9. Links are unique","lau-iphone","Thu Jul 31 14:54:58 BST 2025","broken","Thu Jul 31 14:55:29 BST 2025","@lau @deletedUsers","deletedUsers.spec.js","",""
"","1973","@checklist 3. Skip to main content link","lau-chromium","Thu Jul 31 14:53:17 BST 2025","passed","Thu Jul 31 14:53:19 BST 2025","@lau @logOnsAudit","logOnsAudit.spec.js","",""
"","2567","@checklist 9. Links are unique","lau-edge","Thu Jul 31 14:54:19 BST 2025","passed","Thu Jul 31 14:54:22 BST 2025","@lau @caseAudit","caseAudit.spec.js","",""
"","2150","@checklist 4. Page Title not missing","lau-chromium","Thu Jul 31 14:53:05 BST 2025","passed","Thu Jul 31 14:53:07 BST 2025","@lau @caseAudit","caseAudit.spec.js","",""
"","3087","@checklist 9. Links are unique","lau-iphone","Thu Jul 31 14:54:54 BST 2025","passed","Thu Jul 31 14:54:57 BST 2025","@lau @challengedSpecific","challengedAndSpecific.spec.js","",""
"","2181","@checklist 2. Heading levels are in a logical order","lau-iphone","Thu Jul 31 14:54:46 BST 2025","passed","Thu Jul 31 14:54:48 BST 2025","@lau @caseAudit","caseAudit.spec.js","",""
"","2181","@checklist 9. Links are unique","lau-chromium","Thu Jul 31 14:53:07 BST 2025","passed","Thu Jul 31 14:53:09 BST 2025","@lau @caseAudit","caseAudit.spec.js","",""
"","1765","@checklist 4. Page Title not missing","lau-chromium","Thu Jul 31 14:53:17 BST 2025","passed","Thu Jul 31 14:53:19 BST 2025","@lau @logOnsAudit","logOnsAudit.spec.js","",""
"","2076","@checklist 5. Page Title is descriptive","lau-iphone","Thu Jul 31 14:54:58 BST 2025","passed","Thu Jul 31 14:55:00 BST 2025","@lau @deletedUsers","deletedUsers.spec.js","",""
"","2529","@checklist 1. Headings are visually distinct","lau-edge","Thu Jul 31 14:54:15 BST 2025","passed","Thu Jul 31 14:54:18 BST 2025","@lau @caseAudit","caseAudit.spec.js","",""
"","2818","@checklist 4. Page Title not missing","lau-iphone","Thu Jul 31 14:54:52 BST 2025","passed","Thu Jul 31 14:54:55 BST 2025","@lau @challengedSpecific","challengedAndSpecific.spec.js","",""
"","2108","@checklist 4. Page Title not missing","lau-ipad","Thu Jul 31 14:55:17 BST 2025","passed","Thu Jul 31 14:55:19 BST 2025","@lau @deletedUsers","deletedUsers.spec.js","",""
"","2494","@checklist @smoke 11. Error handling (LAU-1148)","lau-safari","Thu Jul 31 14:53:37 BST 2025","passed","Thu Jul 31 14:53:39 BST 2025","@lau @logOnsAudit","logOnsAudit.spec.js","",""
"","2162","@checklist 8. Links open in new tab","lau-chromium","Thu Jul 31 14:53:15 BST 2025","passed","Thu Jul 31 14:53:17 BST 2025","@lau @deletedUsers","deletedUsers.spec.js","",""
"","2231","@checklist 4. Page Title not missing","lau-chrome","Thu Jul 31 14:53:59 BST 2025","passed","Thu Jul 31 14:54:01 BST 2025","@lau @caseAudit","caseAudit.spec.js","",""
"","2305","@checklist 1. Headings are visually distinct","lau-ipad","Thu Jul 31 14:55:11 BST 2025","passed","Thu Jul 31 14:55:13 BST 2025","@lau @challengedSpecific","challengedAndSpecific.spec.js","",""
"","3475","@checklist 10. Correct language","lau-chrome","Thu Jul 31 14:54:01 BST 2025","passed","Thu Jul 31 14:54:05 BST 2025","@lau @caseAudit","caseAudit.spec.js","",""
"","2298","@checklist 2. Heading levels are in a logical order","lau-firefox","Thu Jul 31 14:53:48 BST 2025","passed","Thu Jul 31 14:53:51 BST 2025","@lau @deletedUsers","deletedUsers.spec.js","",""
"","2166","@checklist @smoke 11. Error handling (LAU-1148)","lau-ipad","Thu Jul 31 14:55:27 BST 2025","passed","Thu Jul 31 14:55:29 BST 2025","@lau @logOnsAudit","logOnsAudit.spec.js","",""
"","2871","@checklist 10. Correct language","lau-iphone","Thu Jul 31 14:54:55 BST 2025","passed","Thu Jul 31 14:54:58 BST 2025","@lau @challengedSpecific","challengedAndSpecific.spec.js","",""
"","2303","@checklist 3. Skip to main content link","lau-iphone","Thu Jul 31 14:54:51 BST 2025","passed","Thu Jul 31 14:54:53 BST 2025","@lau @challengedSpecific","challengedAndSpecific.spec.js","",""
"","3280","@checklist 10. Correct language","lau-chromium","Thu Jul 31 14:53:11 BST 2025","passed","Thu Jul 31 14:53:15 BST 2025","@lau @challengedSpecific","challengedAndSpecific.spec.js","",""
"","2209","@checklist 1. Headings are visually distinct","lau-chromium","Thu Jul 31 14:53:05 BST 2025","passed","Thu Jul 31 14:53:07 BST 2025","@lau @caseAudit","caseAudit.spec.js","",""
"","2533","@checklist 4. Page Title not missing","lau-safari","Thu Jul 31 14:53:21 BST 2025","passed","Thu Jul 31 14:53:24 BST 2025","@lau @caseAudit","caseAudit.spec.js","",""
"","2739","@checklist 6. Page Title is unique","lau-safari","Thu Jul 31 14:53:22 BST 2025","passed","Thu Jul 31 14:53:25 BST 2025","@lau @caseAudit","caseAudit.spec.js","",""
"","3135","@checklist 9. Links are unique","lau-safari","Thu Jul 31 14:53:31 BST 2025","passed","Thu Jul 31 14:53:35 BST 2025","@lau @deletedUsers","deletedUsers.spec.js","",""
"","2363","@checklist 5. Page Title is descriptive","lau-safari","Thu Jul 31 14:53:35 BST 2025","passed","Thu Jul 31 14:53:37 BST 2025","@lau @logOnsAudit","logOnsAudit.spec.js","",""
"","2260","@checklist 5. Page Title is descriptive","lau-firefox","Thu Jul 31 14:53:45 BST 2025","passed","Thu Jul 31 14:53:48 BST 2025","@lau @challengedSpecific","challengedAndSpecific.spec.js","",""
"","2761","@checklist 3. Skip to main content link","lau-ipad","Thu Jul 31 14:55:12 BST 2025","passed","Thu Jul 31 14:55:15 BST 2025","@lau @challengedSpecific","challengedAndSpecific.spec.js","",""
"","2228","@checklist 2. Heading levels are in a logical order","lau-edge","Thu Jul 31 14:54:21 BST 2025","passed","Thu Jul 31 14:54:23 BST 2025","@lau @challengedSpecific","challengedAndSpecific.spec.js","",""
"","2645","@checklist 2. Heading levels are in a logical order","lau-chrome","Thu Jul 31 14:53:57 BST 2025","passed","Thu Jul 31 14:54:00 BST 2025","@lau @caseAudit","caseAudit.spec.js","",""
"","2012","@checklist 4. Page Title not missing","lau-iphone","Thu Jul 31 14:54:48 BST 2025","passed","Thu Jul 31 14:54:50 BST 2025","@lau @caseAudit","caseAudit.spec.js","",""
"","2346","@checklist 8. Links open in new tab","lau-chrome","Thu Jul 31 14:54:05 BST 2025","passed","Thu Jul 31 14:54:07 BST 2025","@lau @challengedSpecific","challengedAndSpecific.spec.js","",""
"","2269","@checklist 5. Page Title is descriptive","lau-firefox","Thu Jul 31 14:53:40 BST 2025","passed","Thu Jul 31 14:53:42 BST 2025","@lau @caseAudit","caseAudit.spec.js","",""
"","2292","@checklist 2. Heading levels are in a logical order","lau-firefox","Thu Jul 31 14:53:44 BST 2025","passed","Thu Jul 31 14:53:46 BST 2025","@lau @challengedSpecific","challengedAndSpecific.spec.js","",""
"","2516","@checklist 3. Skip to main content link","lau-edge","Thu Jul 31 14:54:22 BST 2025","passed","Thu Jul 31 14:54:24 BST 2025","@lau @challengedSpecific","challengedAndSpecific.spec.js","",""
"","3796","@checklist 9. Links are unique","lau-chromium","Thu Jul 31 14:53:19 BST 2025","passed","Thu Jul 31 14:53:22 BST 2025","@lau @logOnsAudit","logOnsAudit.spec.js","",""
"","2012","@checklist 5. Page Title is descriptive","lau-chrome","Thu Jul 31 14:54:13 BST 2025","passed","Thu Jul 31 14:54:15 BST 2025","@lau @logOnsAudit","logOnsAudit.spec.js","",""
"","2207","@checklist 4. Page Title not missing","lau-ipad","Thu Jul 31 14:55:13 BST 2025","passed","Thu Jul 31 14:55:15 BST 2025","@lau @challengedSpecific","challengedAndSpecific.spec.js","",""
"","2672","@checklist 9. Links are unique","lau-ipad","Thu Jul 31 14:55:19 BST 2025","passed","Thu Jul 31 14:55:22 BST 2025","@lau @deletedUsers","deletedUsers.spec.js","",""
"","2647","@checklist @smoke 11. Error handling (LAU-1148)","lau-safari","Thu Jul 31 14:53:33 BST 2025","passed","Thu Jul 31 14:53:35 BST 2025","@lau @deletedUsers","deletedUsers.spec.js","",""
"","2466","@checklist 4. Page Title not missing","lau-chrome","Thu Jul 31 14:54:08 BST 2025","passed","Thu Jul 31 14:54:10 BST 2025","@lau @deletedUsers","deletedUsers.spec.js","",""
"","2147","@checklist 9. Links are unique","lau-chromium","Thu Jul 31 14:53:15 BST 2025","passed","Thu Jul 31 14:53:17 BST 2025","@lau @deletedUsers","deletedUsers.spec.js","",""
"","2073","@checklist 10. Correct language","lau-chromium","Thu Jul 31 14:53:19 BST 2025","passed","Thu Jul 31 14:53:21 BST 2025","@lau @logOnsAudit","logOnsAudit.spec.js","",""
"","2540","@checklist 3. Skip to main content link","lau-safari","Thu Jul 31 14:53:26 BST 2025","passed","Thu Jul 31 14:53:28 BST 2025","@lau @challengedSpecific","challengedAndSpecific.spec.js","",""
"","2481","@checklist 10. Correct language","lau-iphone","Thu Jul 31 14:54:50 BST 2025","passed","Thu Jul 31 14:54:52 BST 2025","@lau @caseAudit","caseAudit.spec.js","",""
"","2418","@checklist 8. Links open in new tab","lau-edge","Thu Jul 31 14:54:18 BST 2025","passed","Thu Jul 31 14:54:21 BST 2025","@lau @caseAudit","caseAudit.spec.js","",""
"","3839","@checklist 9. Links are unique","lau-firefox","Thu Jul 31 14:53:47 BST 2025","passed","Thu Jul 31 14:53:51 BST 2025","@lau @challengedSpecific","challengedAndSpecific.spec.js","",""
"","4168","@checklist 8. Links open in new tab","lau-safari","Thu Jul 31 14:53:35 BST 2025","passed","Thu Jul 31 14:53:39 BST 2025","@lau @logOnsAudit","logOnsAudit.spec.js","",""
"","2071","@checklist @smoke 11. Error handling (LAU-1148)","lau-ipad","Thu Jul 31 14:55:10 BST 2025","passed","Thu Jul 31 14:55:12 BST 2025","@lau @caseAudit","caseAudit.spec.js","",""
"","2574","@checklist 3. Skip to main content link","lau-iphone","Thu Jul 31 14:54:54 BST 2025","passed","Thu Jul 31 14:54:56 BST 2025","@lau @caseAudit","caseAudit.spec.js","",""
"","2397","@checklist @smoke 11. Error handling (LAU-1148)","lau-edge","Thu Jul 31 14:54:29 BST 2025","passed","Thu Jul 31 14:54:31 BST 2025","@lau @deletedUsers","deletedUsers.spec.js","",""
"","3493","@checklist 7. Colour contrast","lau-chromium","Thu Jul 31 14:53:10 BST 2025","passed","Thu Jul 31 14:53:13 BST 2025","@lau @challengedSpecific","challengedAndSpecific.spec.js","",""
"","3012","@checklist 6. Page Title is unique","lau-iphone","Thu Jul 31 14:55:02 BST 2025","passed","Thu Jul 31 14:55:05 BST 2025","@lau @logOnsAudit","logOnsAudit.spec.js","",""
"","2538","@checklist 8. Links open in new tab","lau-safari","Thu Jul 31 14:53:31 BST 2025","passed","Thu Jul 31 14:53:34 BST 2025","@lau @deletedUsers","deletedUsers.spec.js","",""
"","2295","@checklist @smoke 11. Error handling (LAU-1148)","lau-chrome","Thu Jul 31 14:54:15 BST 2025","passed","Thu Jul 31 14:54:17 BST 2025","@lau @logOnsAudit","logOnsAudit.spec.js","",""
"","4959","@checklist 7. Colour contrast","lau-edge","Thu Jul 31 14:54:31 BST 2025","passed","Thu Jul 31 14:54:36 BST 2025","@lau @logOnsAudit","logOnsAudit.spec.js","",""
"","2832","@checklist 2. Heading levels are in a logical order","lau-ipad","Thu Jul 31 14:55:22 BST 2025","passed","Thu Jul 31 14:55:25 BST 2025","@lau @logOnsAudit","logOnsAudit.spec.js","",""
"","2697","@checklist 6. Page Title is unique","lau-iphone","Thu Jul 31 14:54:52 BST 2025","passed","Thu Jul 31 14:54:55 BST 2025","@lau @challengedSpecific","challengedAndSpecific.spec.js","",""
"","2953","@checklist 10. Correct language","lau-safari","Thu Jul 31 14:53:36 BST 2025","passed","Thu Jul 31 14:53:39 BST 2025","@lau @logOnsAudit","logOnsAudit.spec.js","",""
"","2225","@checklist @smoke 11. Error handling (LAU-1148)","lau-iphone","Thu Jul 31 14:55:05 BST 2025","passed","Thu Jul 31 14:55:07 BST 2025","@lau @logOnsAudit","logOnsAudit.spec.js","",""
"","2111","@checklist 1. Headings are visually distinct","lau-iphone","Thu Jul 31 14:54:50 BST 2025","passed","Thu Jul 31 14:54:52 BST 2025","@lau @challengedSpecific","challengedAndSpecific.spec.js","",""
"","2567","@checklist 2. Heading levels are in a logical order","lau-ipad","Thu Jul 31 14:55:06 BST 2025","passed","Thu Jul 31 14:55:09 BST 2025","@lau @caseAudit","caseAudit.spec.js","",""
"","2526","@checklist 8. Links open in new tab","lau-chrome","Thu Jul 31 14:54:09 BST 2025","passed","Thu Jul 31 14:54:12 BST 2025","@lau @deletedUsers","deletedUsers.spec.js","",""
"","2586","@checklist 10. Correct language","lau-ipad","Thu Jul 31 14:55:19 BST 2025","passed","Thu Jul 31 14:55:22 BST 2025","@lau @deletedUsers","deletedUsers.spec.js","",""
"","2299","@checklist @smoke 11. Error handling (LAU-1148)","lau-chrome","Thu Jul 31 14:54:10 BST 2025","passed","Thu Jul 31 14:54:12 BST 2025","@lau @deletedUsers","deletedUsers.spec.js","",""
"","2092","@checklist 2. Heading levels are in a logical order","lau-iphone","Thu Jul 31 14:54:50 BST 2025","passed","Thu Jul 31 14:54:52 BST 2025","@lau @challengedSpecific","challengedAndSpecific.spec.js","",""
"","2903","@checklist 10. Correct language","lau-safari","Thu Jul 31 14:53:32 BST 2025","passed","Thu Jul 31 14:53:35 BST 2025","@lau @deletedUsers","deletedUsers.spec.js","",""
"","2080","@checklist 4. Page Title not missing","lau-firefox","Thu Jul 31 14:53:45 BST 2025","passed","Thu Jul 31 14:53:47 BST 2025","@lau @challengedSpecific","challengedAndSpecific.spec.js","",""
"","2420","@checklist 2. Heading levels are in a logical order","lau-chrome","Thu Jul 31 14:54:03 BST 2025","passed","Thu Jul 31 14:54:05 BST 2025","@lau @challengedSpecific","challengedAndSpecific.spec.js","",""
"","2211","@checklist @smoke 11. Error handling (LAU-1148)","lau-firefox","Thu Jul 31 14:53:43 BST 2025","passed","Thu Jul 31 14:53:45 BST 2025","@lau @caseAudit","caseAudit.spec.js","",""
"","4412","@checklist 7. Colour contrast","lau-edge","Thu Jul 31 14:54:19 BST 2025","passed","Thu Jul 31 14:54:23 BST 2025","@lau @caseAudit","caseAudit.spec.js","",""
"","2379","@checklist 2. Heading levels are in a logical order","lau-chromium","Thu Jul 31 14:53:12 BST 2025","passed","Thu Jul 31 14:53:15 BST 2025","@lau @deletedUsers","deletedUsers.spec.js","",""
"","2640","@checklist 6. Page Title is unique","lau-ipad","Thu Jul 31 14:55:13 BST 2025","passed","Thu Jul 31 14:55:15 BST 2025","@lau @challengedSpecific","challengedAndSpecific.spec.js","",""
"","2937","@checklist 6. Page Title is unique","lau-iphone","Thu Jul 31 14:54:54 BST 2025","passed","Thu Jul 31 14:54:57 BST 2025","@lau @caseAudit","caseAudit.spec.js","",""
"","2014","@checklist @smoke 11. Error handling (LAU-1148)","lau-chromium","Thu Jul 31 14:53:16 BST 2025","passed","Thu Jul 31 14:53:18 BST 2025","@lau @deletedUsers","deletedUsers.spec.js","",""
"","3039","@checklist 6. Page Title is unique","lau-firefox","Thu Jul 31 14:53:40 BST 2025","passed","Thu Jul 31 14:53:43 BST 2025","@lau @caseAudit","caseAudit.spec.js","",""
"","2433","@checklist 3. Skip to main content link","lau-edge","Thu Jul 31 14:54:17 BST 2025","passed","Thu Jul 31 14:54:20 BST 2025","@lau @caseAudit","caseAudit.spec.js","",""
"","3945","@checklist 6. Page Title is unique","lau-chromium","Thu Jul 31 14:53:09 BST 2025","passed","Thu Jul 31 14:53:13 BST 2025","@lau @challengedSpecific","challengedAndSpecific.spec.js","",""
"","2369","@checklist 3. Skip to main content link","lau-ipad","Thu Jul 31 14:55:17 BST 2025","passed","Thu Jul 31 14:55:19 BST 2025","@lau @deletedUsers","deletedUsers.spec.js","",""
"","3980","@checklist 8. Links open in new tab","lau-iphone","Thu Jul 31 14:55:03 BST 2025","passed","Thu Jul 31 14:55:07 BST 2025","@lau @logOnsAudit","logOnsAudit.spec.js","",""
"","2362","@checklist 3. Skip to main content link","lau-ipad","Thu Jul 31 14:55:07 BST 2025","passed","Thu Jul 31 14:55:09 BST 2025","@lau @caseAudit","caseAudit.spec.js","",""
"","2531","@checklist 6. Page Title is unique","lau-safari","Thu Jul 31 14:53:26 BST 2025","passed","Thu Jul 31 14:53:29 BST 2025","@lau @challengedSpecific","challengedAndSpecific.spec.js","",""
"","3201","@checklist 6. Page Title is unique","lau-edge","Thu Jul 31 14:54:23 BST 2025","passed","Thu Jul 31 14:54:26 BST 2025","@lau @challengedSpecific","challengedAndSpecific.spec.js","",""
"","2776","@checklist 6. Page Title is unique","lau-edge","Thu Jul 31 14:54:31 BST 2025","passed","Thu Jul 31 14:54:34 BST 2025","@lau @logOnsAudit","logOnsAudit.spec.js","",""
"","2637","@checklist 2. Heading levels are in a logical order","lau-safari","Thu Jul 31 14:53:25 BST 2025","passed","Thu Jul 31 14:53:28 BST 2025","@lau @challengedSpecific","challengedAndSpecific.spec.js","",""
"","2384","@checklist 1. Headings are visually distinct","lau-iphone","Thu Jul 31 14:55:00 BST 2025","passed","Thu Jul 31 14:55:02 BST 2025","@lau @logOnsAudit","logOnsAudit.spec.js","",""
"","2627","@checklist 6. Page Title is unique","lau-safari","Thu Jul 31 14:53:31 BST 2025","passed","Thu Jul 31 14:53:34 BST 2025","@lau @deletedUsers","deletedUsers.spec.js","",""
"","2768","@checklist 10. Correct language","lau-ipad","Thu Jul 31 14:55:15 BST 2025","passed","Thu Jul 31 14:55:18 BST 2025","@lau @challengedSpecific","challengedAndSpecific.spec.js","",""
"","2491","@checklist 8. Links open in new tab","lau-edge","Thu Jul 31 14:54:23 BST 2025","passed","Thu Jul 31 14:54:26 BST 2025","@lau @challengedSpecific","challengedAndSpecific.spec.js","",""
"","4028","@checklist 7. Colour contrast","lau-iphone","Thu Jul 31 14:54:58 BST 2025","passed","Thu Jul 31 14:55:02 BST 2025","@lau @deletedUsers","deletedUsers.spec.js","",""
"","2471","@checklist 2. Heading levels are in a logical order","lau-firefox","Thu Jul 31 14:53:53 BST 2025","passed","Thu Jul 31 14:53:55 BST 2025","@lau @logOnsAudit","logOnsAudit.spec.js","",""
"","2480","@checklist 1. Headings are visually distinct","lau-iphone","Thu Jul 31 14:54:47 BST 2025","passed","Thu Jul 31 14:54:50 BST 2025","@lau @caseAudit","caseAudit.spec.js","",""
"","2669","@checklist 4. Page Title not missing","lau-chromium","Thu Jul 31 14:53:09 BST 2025","passed","Thu Jul 31 14:53:12 BST 2025","@lau @challengedSpecific","challengedAndSpecific.spec.js","",""
"","2302","@checklist 2. Heading levels are in a logical order","lau-edge","Thu Jul 31 14:54:26 BST 2025","passed","Thu Jul 31 14:54:28 BST 2025","@lau @deletedUsers","deletedUsers.spec.js","",""
"","2421","@checklist 4. Page Title not missing","lau-firefox","Thu Jul 31 14:53:49 BST 2025","passed","Thu Jul 31 14:53:51 BST 2025","@lau @deletedUsers","deletedUsers.spec.js","",""
"","2031","@checklist 5. Page Title is descriptive","lau-firefox","Thu Jul 31 14:53:50 BST 2025","passed","Thu Jul 31 14:53:52 BST 2025","@lau @deletedUsers","deletedUsers.spec.js","",""
"","2440","@checklist 3. Skip to main content link","lau-chrome","Thu Jul 31 14:54:08 BST 2025","passed","Thu Jul 31 14:54:10 BST 2025","@lau @deletedUsers","deletedUsers.spec.js","",""
"","2085","@checklist 4. Page Title not missing","lau-iphone","Thu Jul 31 14:54:57 BST 2025","passed","Thu Jul 31 14:54:59 BST 2025","@lau @deletedUsers","deletedUsers.spec.js","",""
"","2423","@checklist 4. Page Title not missing","lau-edge","Thu Jul 31 14:54:17 BST 2025","passed","Thu Jul 31 14:54:20 BST 2025","@lau @caseAudit","caseAudit.spec.js","",""
"","2494","@checklist 9. Links are unique","lau-chrome","Thu Jul 31 14:54:01 BST 2025","passed","Thu Jul 31 14:54:03 BST 2025","@lau @caseAudit","caseAudit.spec.js","",""
"","2597","@checklist 9. Links are unique","lau-ipad","Thu Jul 31 14:55:25 BST 2025","passed","Thu Jul 31 14:55:28 BST 2025","@lau @logOnsAudit","logOnsAudit.spec.js","",""
"","2338","@checklist 8. Links open in new tab","lau-firefox","Thu Jul 31 14:53:41 BST 2025","passed","Thu Jul 31 14:53:44 BST 2025","@lau @caseAudit","caseAudit.spec.js","",""
"","2444","@checklist 2. Heading levels are in a logical order","lau-ipad","Thu Jul 31 14:55:16 BST 2025","passed","Thu Jul 31 14:55:19 BST 2025","@lau @deletedUsers","deletedUsers.spec.js","",""
"","2354","@checklist 2. Heading levels are in a logical order","lau-ipad","Thu Jul 31 14:55:12 BST 2025","passed","Thu Jul 31 14:55:15 BST 2025","@lau @challengedSpecific","challengedAndSpecific.spec.js","",""
"","1574","@checklist 5. Page Title is descriptive","lau-chromium","Thu Jul 31 14:53:18 BST 2025","passed","Thu Jul 31 14:53:19 BST 2025","@lau @logOnsAudit","logOnsAudit.spec.js","",""
"","2416","@checklist 3. Skip to main content link","lau-safari","Thu Jul 31 14:53:30 BST 2025","passed","Thu Jul 31 14:53:32 BST 2025","@lau @deletedUsers","deletedUsers.spec.js","",""
"","5283","@checklist 7. Colour contrast","lau-firefox","Thu Jul 31 14:53:42 BST 2025","passed","Thu Jul 31 14:53:47 BST 2025","@lau @caseAudit","caseAudit.spec.js","",""
"","4344","@checklist 7. Colour contrast","lau-chrome","Thu Jul 31 14:54:01 BST 2025","passed","Thu Jul 31 14:54:05 BST 2025","@lau @caseAudit","caseAudit.spec.js","",""
"","3310","@checklist 9. Links are unique","lau-firefox","Thu Jul 31 14:53:51 BST 2025","passed","Thu Jul 31 14:53:54 BST 2025","@lau @deletedUsers","deletedUsers.spec.js","",""
"","2791","@checklist 9. Links are unique","lau-edge","Thu Jul 31 14:54:28 BST 2025","passed","Thu Jul 31 14:54:31 BST 2025","@lau @deletedUsers","deletedUsers.spec.js","",""
"","3288","@checklist 6. Page Title is unique","lau-chrome","Thu Jul 31 14:54:09 BST 2025","passed","Thu Jul 31 14:54:12 BST 2025","@lau @deletedUsers","deletedUsers.spec.js","",""
"","2857","@checklist 6. Page Title is unique","lau-ipad","Thu Jul 31 14:55:24 BST 2025","passed","Thu Jul 31 14:55:27 BST 2025","@lau @logOnsAudit","logOnsAudit.spec.js","",""
"","1888","@checklist 5. Page Title is descriptive","lau-ipad","Thu Jul 31 14:55:17 BST 2025","passed","Thu Jul 31 14:55:19 BST 2025","@lau @deletedUsers","deletedUsers.spec.js","",""
"","2299","@checklist 1. Headings are visually distinct","lau-chrome","Thu Jul 31 14:53:57 BST 2025","passed","Thu Jul 31 14:54:00 BST 2025","@lau @caseAudit","caseAudit.spec.js","",""
"","3628","@checklist 8. Links open in new tab","lau-chromium","Thu Jul 31 14:53:10 BST 2025","passed","Thu Jul 31 14:53:13 BST 2025","@lau @challengedSpecific","challengedAndSpecific.spec.js","",""
"","3582","@checklist 8. Links open in new tab","lau-chrome","Thu Jul 31 14:54:13 BST 2025","passed","Thu Jul 31 14:54:17 BST 2025","@lau @logOnsAudit","logOnsAudit.spec.js","",""
"","2223","@checklist 5. Page Title is descriptive","lau-edge","Thu Jul 31 14:54:27 BST 2025","passed","Thu Jul 31 14:54:29 BST 2025","@lau @deletedUsers","deletedUsers.spec.js","",""
"","2011","@checklist 2. Heading levels are in a logical order","lau-chromium","Thu Jul 31 14:53:17 BST 2025","passed","Thu Jul 31 14:53:19 BST 2025","@lau @logOnsAudit","logOnsAudit.spec.js","",""
"","2246","@checklist 3. Skip to main content link","lau-iphone","Thu Jul 31 14:55:01 BST 2025","passed","Thu Jul 31 14:55:03 BST 2025","@lau @logOnsAudit","logOnsAudit.spec.js","",""
"","3282","@checklist @smoke 11. Error handling (LAU-1148)","lau-chrome","Thu Jul 31 14:54:06 BST 2025","passed","Thu Jul 31 14:54:09 BST 2025","@lau @challengedSpecific","challengedAndSpecific.spec.js","",""
"","2367","@checklist 3. Skip to main content link","lau-firefox","Thu Jul 31 14:53:44 BST 2025","passed","Thu Jul 31 14:53:47 BST 2025","@lau @challengedSpecific","challengedAndSpecific.spec.js","",""
"","2870","@checklist 8. Links open in new tab","lau-iphone","Thu Jul 31 14:54:47 BST 2025","passed","Thu Jul 31 14:54:50 BST 2025","@lau @caseAudit","caseAudit.spec.js","",""
"","3586","@checklist 8. Links open in new tab","lau-ipad","Thu Jul 31 14:55:25 BST 2025","passed","Thu Jul 31 14:55:28 BST 2025","@lau @logOnsAudit","logOnsAudit.spec.js","",""
"","2415","@checklist 1. Headings are visually distinct","lau-ipad","Thu Jul 31 14:55:22 BST 2025","passed","Thu Jul 31 14:55:24 BST 2025","@lau @logOnsAudit","logOnsAudit.spec.js","",""
"","1920","@checklist 5. Page Title is descriptive","lau-ipad","Thu Jul 31 14:55:23 BST 2025","passed","Thu Jul 31 14:55:25 BST 2025","@lau @logOnsAudit","logOnsAudit.spec.js","",""
"","4147","@checklist 7. Colour contrast","lau-safari","Thu Jul 31 14:53:31 BST 2025","passed","Thu Jul 31 14:53:35 BST 2025","@lau @deletedUsers","deletedUsers.spec.js","",""
"","2342","@checklist 1. Headings are visually distinct","lau-firefox","Thu Jul 31 14:53:43 BST 2025","passed","Thu Jul 31 14:53:45 BST 2025","@lau @challengedSpecific","challengedAndSpecific.spec.js","",""
"","2236","@checklist 1. Headings are visually distinct","lau-chrome","Thu Jul 31 14:54:10 BST 2025","passed","Thu Jul 31 14:54:13 BST 2025","@lau @logOnsAudit","logOnsAudit.spec.js","",""
"","3623","@checklist 7. Colour contrast","lau-edge","Thu Jul 31 14:54:27 BST 2025","passed","Thu Jul 31 14:54:31 BST 2025","@lau @deletedUsers","deletedUsers.spec.js","",""
"","2948","@checklist 9. Links are unique","lau-edge","Thu Jul 31 14:54:23 BST 2025","passed","Thu Jul 31 14:54:26 BST 2025","@lau @challengedSpecific","challengedAndSpecific.spec.js","",""
"","2363","@checklist @smoke 11. Error handling (LAU-1148)","lau-edge","Thu Jul 31 14:54:20 BST 2025","passed","Thu Jul 31 14:54:22 BST 2025","@lau @caseAudit","caseAudit.spec.js","",""
"","2830","@checklist 6. Page Title is unique","lau-chrome","Thu Jul 31 14:54:05 BST 2025","passed","Thu Jul 31 14:54:08 BST 2025","@lau @challengedSpecific","challengedAndSpecific.spec.js","",""
"","2553","@checklist 6. Page Title is unique","lau-ipad","Thu Jul 31 14:55:18 BST 2025","passed","Thu Jul 31 14:55:20 BST 2025","@lau @deletedUsers","deletedUsers.spec.js","",""
"","2734","@checklist 10. Correct language","lau-chrome","Thu Jul 31 14:54:14 BST 2025","passed","Thu Jul 31 14:54:17 BST 2025","@lau @logOnsAudit","logOnsAudit.spec.js","",""
"","1852","@checklist @smoke 11. Error handling (LAU-1148)","lau-iphone","Thu Jul 31 14:54:50 BST 2025","passed","Thu Jul 31 14:54:52 BST 2025","@lau @caseAudit","caseAudit.spec.js","",""
"","2510","@checklist 1. Headings are visually distinct","lau-iphone","Thu Jul 31 14:54:56 BST 2025","passed","Thu Jul 31 14:54:58 BST 2025","@lau @deletedUsers","deletedUsers.spec.js","",""
"","2281","@checklist @smoke 11. Error handling (LAU-1148)","lau-iphone","Thu Jul 31 14:55:00 BST 2025","passed","Thu Jul 31 14:55:02 BST 2025","@lau @deletedUsers","deletedUsers.spec.js","",""
"","4371","@checklist 7. Colour contrast","lau-chromium","Thu Jul 31 14:53:05 BST 2025","passed","Thu Jul 31 14:53:09 BST 2025","@lau @caseAudit","caseAudit.spec.js","",""
"","2444","@checklist 5. Page Title is descriptive","lau-chromium","Thu Jul 31 14:53:13 BST 2025","passed","Thu Jul 31 14:53:16 BST 2025","@lau @deletedUsers","deletedUsers.spec.js","",""
"","2359","@checklist 1. Headings are visually distinct","lau-safari","Thu Jul 31 14:53:20 BST 2025","passed","Thu Jul 31 14:53:22 BST 2025","@lau @caseAudit","caseAudit.spec.js","",""
"","2427","@checklist 8. Links open in new tab","lau-iphone","Thu Jul 31 14:54:58 BST 2025","passed","Thu Jul 31 14:55:01 BST 2025","@lau @deletedUsers","deletedUsers.spec.js","",""
"","2525","@checklist 3. Skip to main content link","lau-chrome","Thu Jul 31 14:54:12 BST 2025","passed","Thu Jul 31 14:54:14 BST 2025","@lau @logOnsAudit","logOnsAudit.spec.js","",""
"","2115","@checklist 3. Skip to main content link","lau-chrome","Thu Jul 31 14:53:59 BST 2025","passed","Thu Jul 31 14:54:01 BST 2025","@lau @caseAudit","caseAudit.spec.js","",""
"","2595","@checklist 1. Headings are visually distinct","lau-edge","Thu Jul 31 14:54:20 BST 2025","passed","Thu Jul 31 14:54:23 BST 2025","@lau @challengedSpecific","challengedAndSpecific.spec.js","",""
"","2723","@checklist 4. Page Title not missing","lau-ipad","Thu Jul 31 14:55:23 BST 2025","passed","Thu Jul 31 14:55:26 BST 2025","@lau @logOnsAudit","logOnsAudit.spec.js","",""
"","2088","@checklist 4. Page Title not missing","lau-edge","Thu Jul 31 14:54:31 BST 2025","passed","Thu Jul 31 14:54:33 BST 2025","@lau @logOnsAudit","logOnsAudit.spec.js","",""
"","2609","@checklist 3. Skip to main content link","lau-safari","Thu Jul 31 14:53:34 BST 2025","passed","Thu Jul 31 14:53:36 BST 2025","@lau @logOnsAudit","logOnsAudit.spec.js","",""
"","3983","@checklist 7. Colour contrast","lau-ipad","Thu Jul 31 14:55:09 BST 2025","passed","Thu Jul 31 14:55:13 BST 2025","@lau @caseAudit","caseAudit.spec.js","",""
"","2711","@checklist 2. Heading levels are in a logical order","lau-chrome","Thu Jul 31 14:54:07 BST 2025","passed","Thu Jul 31 14:54:10 BST 2025","@lau @deletedUsers","deletedUsers.spec.js","",""
"","2719","@checklist 9. Links are unique","lau-chrome","Thu Jul 31 14:54:10 BST 2025","passed","Thu Jul 31 14:54:13 BST 2025","@lau @deletedUsers","deletedUsers.spec.js","",""
"","3108","@checklist 10. Correct language","lau-firefox","Thu Jul 31 14:53:51 BST 2025","passed","Thu Jul 31 14:53:54 BST 2025","@lau @deletedUsers","deletedUsers.spec.js","",""
"","3516","@checklist 7. Colour contrast","lau-firefox","Thu Jul 31 14:53:45 BST 2025","passed","Thu Jul 31 14:53:49 BST 2025","@lau @challengedSpecific","challengedAndSpecific.spec.js","",""
"","3192","@checklist 6. Page Title is unique","lau-safari","Thu Jul 31 14:53:35 BST 2025","passed","Thu Jul 31 14:53:38 BST 2025","@lau @logOnsAudit","logOnsAudit.spec.js","",""
"","2461","@checklist 10. Correct language","lau-edge","Thu Jul 31 14:54:33 BST 2025","passed","Thu Jul 31 14:54:35 BST 2025","@lau @logOnsAudit","logOnsAudit.spec.js","",""
"","2561","@checklist 10. Correct language","lau-ipad","Thu Jul 31 14:55:26 BST 2025","passed","Thu Jul 31 14:55:28 BST 2025","@lau @logOnsAudit","logOnsAudit.spec.js","",""
"","3152","@checklist 3. Skip to main content link","lau-iphone","Thu Jul 31 14:54:57 BST 2025","passed","Thu Jul 31 14:55:00 BST 2025","@lau @deletedUsers","deletedUsers.spec.js","",""
"","2028","@checklist 2. Heading levels are in a logical order","lau-chromium","Thu Jul 31 14:53:08 BST 2025","passed","Thu Jul 31 14:53:10 BST 2025","@lau @challengedSpecific","challengedAndSpecific.spec.js","",""
"","2614","@checklist 6. Page Title is unique","lau-firefox","Thu Jul 31 14:53:54 BST 2025","passed","Thu Jul 31 14:53:57 BST 2025","@lau @logOnsAudit","logOnsAudit.spec.js","",""
"","2101","@checklist 4. Page Title not missing","lau-chrome","Thu Jul 31 14:54:12 BST 2025","passed","Thu Jul 31 14:54:15 BST 2025","@lau @logOnsAudit","logOnsAudit.spec.js","",""
"","3153","@checklist 10. Correct language","lau-firefox","Thu Jul 31 14:53:56 BST 2025","passed","Thu Jul 31 14:53:59 BST 2025","@lau @logOnsAudit","logOnsAudit.spec.js","",""
"","2691","@checklist 8. Links open in new tab","lau-safari","Thu Jul 31 14:53:23 BST 2025","passed","Thu Jul 31 14:53:26 BST 2025","@lau @caseAudit","caseAudit.spec.js","",""
"","2576","@checklist 10. Correct language","lau-edge","Thu Jul 31 14:54:20 BST 2025","passed","Thu Jul 31 14:54:22 BST 2025","@lau @caseAudit","caseAudit.spec.js","",""
"","2100","@checklist 5. Page Title is descriptive","lau-edge","Thu Jul 31 14:54:31 BST 2025","passed","Thu Jul 31 14:54:33 BST 2025","@lau @logOnsAudit","logOnsAudit.spec.js","",""
"","2874","@checklist 1. Headings are visually distinct","lau-firefox","Thu Jul 31 14:53:38 BST 2025","passed","Thu Jul 31 14:53:41 BST 2025","@lau @caseAudit","caseAudit.spec.js","",""
"","2376","@checklist 1. Headings are visually distinct","lau-safari","Thu Jul 31 14:53:28 BST 2025","passed","Thu Jul 31 14:53:31 BST 2025","@lau @deletedUsers","deletedUsers.spec.js","",""
"","2256","@checklist 3. Skip to main content link","lau-chrome","Thu Jul 31 14:54:03 BST 2025","passed","Thu Jul 31 14:54:05 BST 2025","@lau @challengedSpecific","challengedAndSpecific.spec.js","",""
"","2578","@checklist 1. Headings are visually distinct","lau-firefox","Thu Jul 31 14:53:48 BST 2025","passed","Thu Jul 31 14:53:50 BST 2025","@lau @deletedUsers","deletedUsers.spec.js","",""
"","3053","@checklist 10. Correct language","lau-iphone","Thu Jul 31 14:55:04 BST 2025","passed","Thu Jul 31 14:55:07 BST 2025","@lau @logOnsAudit","logOnsAudit.spec.js","",""
"","3234","@checklist 8. Links open in new tab","lau-chromium","Thu Jul 31 14:53:18 BST 2025","passed","Thu Jul 31 14:53:21 BST 2025","@lau @logOnsAudit","logOnsAudit.spec.js","",""
"","2411","@checklist 4. Page Title not missing","lau-chromium","Thu Jul 31 14:53:13 BST 2025","passed","Thu Jul 31 14:53:16 BST 2025","@lau @deletedUsers","deletedUsers.spec.js","",""
"","2645","@checklist 10. Correct language","lau-chrome","Thu Jul 31 14:54:05 BST 2025","passed","Thu Jul 31 14:54:08 BST 2025","@lau @challengedSpecific","challengedAndSpecific.spec.js","",""
"","2015","@checklist 5. Page Title is descriptive","lau-iphone","Thu Jul 31 14:54:48 BST 2025","passed","Thu Jul 31 14:54:50 BST 2025","@lau @caseAudit","caseAudit.spec.js","",""
"","2484","@checklist 8. Links open in new tab","lau-edge","Thu Jul 31 14:54:28 BST 2025","passed","Thu Jul 31 14:54:30 BST 2025","@lau @deletedUsers","deletedUsers.spec.js","",""
"","2317","@checklist 4. Page Title not missing","lau-chrome","Thu Jul 31 14:54:04 BST 2025","passed","Thu Jul 31 14:54:06 BST 2025","@lau @challengedSpecific","challengedAndSpecific.spec.js","",""
"","3355","@checklist @smoke 11. Error handling (LAU-1148)","lau-chrome","Thu Jul 31 14:54:02 BST 2025","passed","Thu Jul 31 14:54:05 BST 2025","@lau @caseAudit","caseAudit.spec.js","",""
"","2320","@checklist 2. Heading levels are in a logical order","lau-safari","Thu Jul 31 14:53:34 BST 2025","passed","Thu Jul 31 14:53:36 BST 2025","@lau @logOnsAudit","logOnsAudit.spec.js","",""
"","3214","@checklist 7. Colour contrast","lau-chromium","Thu Jul 31 14:53:15 BST 2025","passed","Thu Jul 31 14:53:18 BST 2025","@lau @deletedUsers","deletedUsers.spec.js","",""
"","2107","@checklist 1. Headings are visually distinct","lau-chrome","Thu Jul 31 14:54:02 BST 2025","passed","Thu Jul 31 14:54:04 BST 2025","@lau @challengedSpecific","challengedAndSpecific.spec.js","",""
"","2501","@checklist 8. Links open in new tab","lau-firefox","Thu Jul 31 14:53:46 BST 2025","passed","Thu Jul 31 14:53:48 BST 2025","@lau @challengedSpecific","challengedAndSpecific.spec.js","",""
"","2708","@checklist 3. Skip to main content link","lau-firefox","Thu Jul 31 14:53:39 BST 2025","passed","Thu Jul 31 14:53:42 BST 2025","@lau @caseAudit","caseAudit.spec.js","",""
"","2962","@checklist 9. Links are unique","lau-safari","Thu Jul 31 14:53:23 BST 2025","passed","Thu Jul 31 14:53:26 BST 2025","@lau @caseAudit","caseAudit.spec.js","",""
"","3029","@checklist @smoke 11. Error handling (LAU-1148)","lau-chromium","Thu Jul 31 14:53:19 BST 2025","passed","Thu Jul 31 14:53:22 BST 2025","@lau @logOnsAudit","logOnsAudit.spec.js","",""
"","2267","@checklist 4. Page Title not missing","lau-safari","Thu Jul 31 14:53:35 BST 2025","passed","Thu Jul 31 14:53:37 BST 2025","@lau @logOnsAudit","logOnsAudit.spec.js","",""
"","2126","@checklist 1. Headings are visually distinct","lau-edge","Thu Jul 31 14:54:29 BST 2025","passed","Thu Jul 31 14:54:31 BST 2025","@lau @logOnsAudit","logOnsAudit.spec.js","",""
"","2396","@checklist 4. Page Title not missing","lau-iphone","Thu Jul 31 14:55:02 BST 2025","passed","Thu Jul 31 14:55:04 BST 2025","@lau @logOnsAudit","logOnsAudit.spec.js","",""
"","2777","@checklist 3. Skip to main content link","lau-chromium","Thu Jul 31 14:53:13 BST 2025","passed","Thu Jul 31 14:53:16 BST 2025","@lau @deletedUsers","deletedUsers.spec.js","",""
"","2904","@checklist 10. Correct language","lau-edge","Thu Jul 31 14:54:28 BST 2025","passed","Thu Jul 31 14:54:31 BST 2025","@lau @deletedUsers","deletedUsers.spec.js","",""
"","2383","@checklist 3. Skip to main content link","lau-firefox","Thu Jul 31 14:53:54 BST 2025","passed","Thu Jul 31 14:53:56 BST 2025","@lau @logOnsAudit","logOnsAudit.spec.js","",""
"","2577","@checklist 5. Page Title is descriptive","lau-firefox","Thu Jul 31 14:53:54 BST 2025","passed","Thu Jul 31 14:53:57 BST 2025","@lau @logOnsAudit","logOnsAudit.spec.js","",""
"","5241","@checklist 7. Colour contrast","lau-firefox","Thu Jul 31 14:53:54 BST 2025","passed","Thu Jul 31 14:54:00 BST 2025","@lau @logOnsAudit","logOnsAudit.spec.js","",""
"","3357","@checklist @smoke 11. Error handling (LAU-1148)","lau-iphone","Thu Jul 31 14:54:55 BST 2025","passed","Thu Jul 31 14:54:58 BST 2025","@lau @challengedSpecific","challengedAndSpecific.spec.js","",""
"","1962","@checklist 3. Skip to main content link","lau-chromium","Thu Jul 31 14:53:09 BST 2025","passed","Thu Jul 31 14:53:11 BST 2025","@lau @challengedSpecific","challengedAndSpecific.spec.js","",""
"","2738","@checklist 10. Correct language","lau-ipad","Thu Jul 31 14:55:10 BST 2025","passed","Thu Jul 31 14:55:13 BST 2025","@lau @caseAudit","caseAudit.spec.js","",""
"","4057","@checklist 7. Colour contrast","lau-chrome","Thu Jul 31 14:54:09 BST 2025","passed","Thu Jul 31 14:54:13 BST 2025","@lau @deletedUsers","deletedUsers.spec.js","",""
"","2973","@checklist 10. Correct language","lau-iphone","Thu Jul 31 14:54:59 BST 2025","passed","Thu Jul 31 14:55:02 BST 2025","@lau @deletedUsers","deletedUsers.spec.js","",""
"","3269","@checklist 10. Correct language","lau-firefox","Thu Jul 31 14:53:47 BST 2025","passed","Thu Jul 31 14:53:50 BST 2025","@lau @challengedSpecific","challengedAndSpecific.spec.js","",""
"","5427","@checklist 7. Colour contrast","lau-ipad","Thu Jul 31 14:55:25 BST 2025","passed","Thu Jul 31 14:55:30 BST 2025","@lau @logOnsAudit","logOnsAudit.spec.js","",""
"","3056","@checklist 9. Links are unique","lau-safari","Thu Jul 31 14:53:28 BST 2025","passed","Thu Jul 31 14:53:31 BST 2025","@lau @challengedSpecific","challengedAndSpecific.spec.js","",""
"","2330","@checklist 1. Headings are visually distinct","lau-firefox","Thu Jul 31 14:53:52 BST 2025","passed","Thu Jul 31 14:53:54 BST 2025","@lau @logOnsAudit","logOnsAudit.spec.js","",""
"","1943","@checklist 5. Page Title is descriptive","lau-edge","Thu Jul 31 14:54:18 BST 2025","passed","Thu Jul 31 14:54:19 BST 2025","@lau @caseAudit","caseAudit.spec.js","",""
"","3913","@checklist 7. Colour contrast","lau-ipad","Thu Jul 31 14:55:19 BST 2025","passed","Thu Jul 31 14:55:23 BST 2025","@lau @deletedUsers","deletedUsers.spec.js","",""
"","2011","@checklist 5. Page Title is descriptive","lau-ipad","Thu Jul 31 14:55:13 BST 2025","passed","Thu Jul 31 14:55:15 BST 2025","@lau @challengedSpecific","challengedAndSpecific.spec.js","",""
"","2459","@checklist 5. Page Title is descriptive","lau-edge","Thu Jul 31 14:54:22 BST 2025","passed","Thu Jul 31 14:54:25 BST 2025","@lau @challengedSpecific","challengedAndSpecific.spec.js","",""
"","2731","@checklist 4. Page Title not missing","lau-edge","Thu Jul 31 14:54:26 BST 2025","passed","Thu Jul 31 14:54:29 BST 2025","@lau @deletedUsers","deletedUsers.spec.js","",""
"","2615","@checklist @smoke 11. Error handling (LAU-1148)","lau-firefox","Thu Jul 31 14:53:56 BST 2025","passed","Thu Jul 31 14:53:59 BST 2025","@lau @logOnsAudit","logOnsAudit.spec.js","",""
"","2230","@checklist 2. Heading levels are in a logical order","lau-edge","Thu Jul 31 14:54:29 BST 2025","passed","Thu Jul 31 14:54:32 BST 2025","@lau @logOnsAudit","logOnsAudit.spec.js","",""
"","2056","@checklist 5. Page Title is descriptive","lau-safari","Thu Jul 31 14:53:22 BST 2025","passed","Thu Jul 31 14:53:24 BST 2025","@lau @caseAudit","caseAudit.spec.js","",""
"","2538","@checklist 1. Headings are visually distinct","lau-ipad","Thu Jul 31 14:55:06 BST 2025","passed","Thu Jul 31 14:55:08 BST 2025","@lau @caseAudit","caseAudit.spec.js","",""
"","2439","@checklist 3. Skip to main content link","lau-firefox","Thu Jul 31 14:53:48 BST 2025","passed","Thu Jul 31 14:53:51 BST 2025","@lau @deletedUsers","deletedUsers.spec.js","",""
"","2431","@checklist 8. Links open in new tab","lau-safari","Thu Jul 31 14:53:27 BST 2025","passed","Thu Jul 31 14:53:30 BST 2025","@lau @challengedSpecific","challengedAndSpecific.spec.js","",""
"","2652","@checklist 10. Correct language","lau-chrome","Thu Jul 31 14:54:10 BST 2025","passed","Thu Jul 31 14:54:13 BST 2025","@lau @deletedUsers","deletedUsers.spec.js","",""
"","2551","@checklist 4. Page Title not missing","lau-safari","Thu Jul 31 14:53:30 BST 2025","passed","Thu Jul 31 14:53:33 BST 2025","@lau @deletedUsers","deletedUsers.spec.js","",""
"","2208","@checklist 4. Page Title not missing","lau-edge","Thu Jul 31 14:54:22 BST 2025","passed","Thu Jul 31 14:54:24 BST 2025","@lau @challengedSpecific","challengedAndSpecific.spec.js","",""
"","2695","@checklist 3. Skip to main content link","lau-ipad","Thu Jul 31 14:55:22 BST 2025","passed","Thu Jul 31 14:55:25 BST 2025","@lau @logOnsAudit","logOnsAudit.spec.js","",""
"","1848","@checklist 5. Page Title is descriptive","lau-chrome","Thu Jul 31 14:54:00 BST 2025","passed","Thu Jul 31 14:54:02 BST 2025","@lau @caseAudit","caseAudit.spec.js","",""
"","2661","@checklist 6. Page Title is unique","lau-edge","Thu Jul 31 14:54:27 BST 2025","passed","Thu Jul 31 14:54:29 BST 2025","@lau @deletedUsers","deletedUsers.spec.js","",""
"","2982","@checklist 5. Page Title is descriptive","lau-chromium","Thu Jul 31 14:53:09 BST 2025","passed","Thu Jul 31 14:53:12 BST 2025","@lau @challengedSpecific","challengedAndSpecific.spec.js","",""
"","4138","@checklist 7. Colour contrast","lau-safari","Thu Jul 31 14:53:22 BST 2025","passed","Thu Jul 31 14:53:26 BST 2025","@lau @caseAudit","caseAudit.spec.js","",""
"","2434","@checklist @smoke 11. Error handling (LAU-1148)","lau-firefox","Thu Jul 31 14:53:47 BST 2025","passed","Thu Jul 31 14:53:50 BST 2025","@lau @challengedSpecific","challengedAndSpecific.spec.js","",""
"","1927","@checklist 1. Headings are visually distinct","lau-chromium","Thu Jul 31 14:53:16 BST 2025","passed","Thu Jul 31 14:53:18 BST 2025","@lau @logOnsAudit","logOnsAudit.spec.js","",""
"","2590","@checklist @smoke 11. Error handling (LAU-1148)","lau-safari","Thu Jul 31 14:53:28 BST 2025","passed","Thu Jul 31 14:53:31 BST 2025","@lau @challengedSpecific","challengedAndSpecific.spec.js","",""
"","2604","@checklist @smoke 11. Error handling (LAU-1148)","lau-edge","Thu Jul 31 14:54:24 BST 2025","passed","Thu Jul 31 14:54:27 BST 2025","@lau @challengedSpecific","challengedAndSpecific.spec.js","",""
"","2306","@checklist 8. Links open in new tab","lau-ipad","Thu Jul 31 14:55:15 BST 2025","passed","Thu Jul 31 14:55:17 BST 2025","@lau @challengedSpecific","challengedAndSpecific.spec.js","",""
"","2618","@checklist 9. Links are unique","lau-safari","Thu Jul 31 14:53:36 BST 2025","passed","Thu Jul 31 14:53:39 BST 2025","@lau @logOnsAudit","logOnsAudit.spec.js","",""
"","4185","@checklist 7. Colour contrast","lau-edge","Thu Jul 31 14:54:23 BST 2025","passed","Thu Jul 31 14:54:27 BST 2025","@lau @challengedSpecific","challengedAndSpecific.spec.js","",""
"","2210","@checklist 6. Page Title is unique","lau-chromium","Thu Jul 31 14:53:14 BST 2025","passed","Thu Jul 31 14:53:17 BST 2025","@lau @deletedUsers","deletedUsers.spec.js","",""
"","2460","@checklist 4. Page Title not missing","lau-safari","Thu Jul 31 14:53:26 BST 2025","passed","Thu Jul 31 14:53:28 BST 2025","@lau @challengedSpecific","challengedAndSpecific.spec.js","",""
"","4161","@checklist 7. Colour contrast","lau-iphone","Thu Jul 31 14:54:43 BST 2025","passed","Thu Jul 31 14:54:47 BST 2025","@lau @caseAudit","caseAudit.spec.js","",""
"","2517","@checklist 2. Heading levels are in a logical order","lau-edge","Thu Jul 31 14:54:16 BST 2025","passed","Thu Jul 31 14:54:19 BST 2025","@lau @caseAudit","caseAudit.spec.js","",""
"","2656","@checklist 6. Page Title is unique","lau-firefox","Thu Jul 31 14:53:50 BST 2025","passed","Thu Jul 31 14:53:53 BST 2025","@lau @deletedUsers","deletedUsers.spec.js","",""
"","2925","@checklist 10. Correct language","lau-safari","Thu Jul 31 14:53:28 BST 2025","passed","Thu Jul 31 14:53:31 BST 2025","@lau @challengedSpecific","challengedAndSpecific.spec.js","",""
"","2363","@checklist 9. Links are unique","lau-chrome","Thu Jul 31 14:54:14 BST 2025","passed","Thu Jul 31 14:54:17 BST 2025","@lau @logOnsAudit","logOnsAudit.spec.js","",""
"","2264","@checklist 1. Headings are visually distinct","lau-chromium","Thu Jul 31 14:53:12 BST 2025","passed","Thu Jul 31 14:53:15 BST 2025","@lau @deletedUsers","deletedUsers.spec.js","",""
"","2830","@checklist 1. Headings are visually distinct","lau-edge","Thu Jul 31 14:54:25 BST 2025","passed","Thu Jul 31 14:54:28 BST 2025","@lau @deletedUsers","deletedUsers.spec.js","",""
"","6043","@checklist 7. Colour contrast","lau-iphone","Thu Jul 31 14:55:02 BST 2025","passed","Thu Jul 31 14:55:09 BST 2025","@lau @logOnsAudit","logOnsAudit.spec.js","",""
"","1841","@checklist 5. Page Title is descriptive","lau-iphone","Thu Jul 31 14:54:52 BST 2025","passed","Thu Jul 31 14:54:54 BST 2025","@lau @challengedSpecific","challengedAndSpecific.spec.js","",""
"","2462","@checklist 3. Skip to main content link","lau-edge","Thu Jul 31 14:54:26 BST 2025","passed","Thu Jul 31 14:54:28 BST 2025","@lau @deletedUsers","deletedUsers.spec.js","",""
"","2783","@checklist 2. Heading levels are in a logical order","lau-firefox","Thu Jul 31 14:53:39 BST 2025","passed","Thu Jul 31 14:53:42 BST 2025","@lau @caseAudit","caseAudit.spec.js","",""
"","2640","@checklist 4. Page Title not missing","lau-firefox","Thu Jul 31 14:53:40 BST 2025","passed","Thu Jul 31 14:53:42 BST 2025","@lau @caseAudit","caseAudit.spec.js","",""
"","1988","@checklist 5. Page Title is descriptive","lau-chromium","Thu Jul 31 14:53:05 BST 2025","passed","Thu Jul 31 14:53:07 BST 2025","@lau @caseAudit","caseAudit.spec.js","",""
"","2127","@checklist 6. Page Title is unique","lau-chromium","Thu Jul 31 14:53:18 BST 2025","passed","Thu Jul 31 14:53:20 BST 2025","@lau @logOnsAudit","logOnsAudit.spec.js","",""
"","2279","@checklist @smoke 11. Error handling (LAU-1148)","lau-chromium","Thu Jul 31 14:53:12 BST 2025","passed","Thu Jul 31 14:53:14 BST 2025","@lau @challengedSpecific","challengedAndSpecific.spec.js","",""
"","2180","@checklist 5. Page Title is descriptive","lau-safari","Thu Jul 31 14:53:26 BST 2025","passed","Thu Jul 31 14:53:28 BST 2025","@lau @challengedSpecific","challengedAndSpecific.spec.js","",""
"","3384","@checklist 8. Links open in new tab","lau-edge","Thu Jul 31 14:54:31 BST 2025","passed","Thu Jul 31 14:54:35 BST 2025","@lau @logOnsAudit","logOnsAudit.spec.js","",""
"","3043","@checklist 6. Page Title is unique","lau-ipad","Thu Jul 31 14:55:09 BST 2025","passed","Thu Jul 31 14:55:12 BST 2025","@lau @caseAudit","caseAudit.spec.js","",""
"","2312","@checklist @smoke 11. Error handling (LAU-1148)","lau-edge","Thu Jul 31 14:54:33 BST 2025","passed","Thu Jul 31 14:54:35 BST 2025","@lau @logOnsAudit","logOnsAudit.spec.js","",""
"","1965","@checklist 8. Links open in new tab","lau-ipad","Thu Jul 31 14:55:09 BST 2025","passed","Thu Jul 31 14:55:11 BST 2025","@lau @caseAudit","caseAudit.spec.js","",""
"","2687","@checklist 9. Links are unique","lau-iphone","Thu Jul 31 14:55:03 BST 2025","passed","Thu Jul 31 14:55:06 BST 2025","@lau @logOnsAudit","logOnsAudit.spec.js","",""
"","2322","@checklist @smoke 11. Error handling (LAU-1148)","lau-firefox","Thu Jul 31 14:53:51 BST 2025","passed","Thu Jul 31 14:53:54 BST 2025","@lau @deletedUsers","deletedUsers.spec.js","",""
"","2584","@checklist 9. Links are unique","lau-ipad","Thu Jul 31 14:55:15 BST 2025","passed","Thu Jul 31 14:55:17 BST 2025","@lau @challengedSpecific","challengedAndSpecific.spec.js","",""
"","3219","@checklist 6. Page Title is unique","lau-chrome","Thu Jul 31 14:54:00 BST 2025","passed","Thu Jul 31 14:54:03 BST 2025","@lau @caseAudit","caseAudit.spec.js","",""
"","2770","@checklist 3. Skip to main content link","lau-edge","Thu Jul 31 14:54:30 BST 2025","passed","Thu Jul 31 14:54:33 BST 2025","@lau @logOnsAudit","logOnsAudit.spec.js","",""
"","2320","@checklist 8. Links open in new tab","lau-chrome","Thu Jul 31 14:54:00 BST 2025","passed","Thu Jul 31 14:54:03 BST 2025","@lau @caseAudit","caseAudit.spec.js","",""
"","3427","@checklist 7. Colour contrast","lau-safari","Thu Jul 31 14:53:27 BST 2025","passed","Thu Jul 31 14:53:30 BST 2025","@lau @challengedSpecific","challengedAndSpecific.spec.js","",""
"","2263","@checklist @smoke 11. Error handling (LAU-1148)","lau-safari","Thu Jul 31 14:53:24 BST 2025","passed","Thu Jul 31 14:53:26 BST 2025","@lau @caseAudit","caseAudit.spec.js","",""
"","2734","@checklist 9. Links are unique","lau-chrome","Thu Jul 31 14:54:05 BST 2025","passed","Thu Jul 31 14:54:08 BST 2025","@lau @challengedSpecific","challengedAndSpecific.spec.js","",""
"","1965","@checklist 5. Page Title is descriptive","lau-safari","Thu Jul 31 14:53:31 BST 2025","passed","Thu Jul 31 14:53:33 BST 2025","@lau @deletedUsers","deletedUsers.spec.js","",""
"","2229","@checklist 5. Page Title is descriptive","lau-ipad","Thu Jul 31 14:55:08 BST 2025","passed","Thu Jul 31 14:55:10 BST 2025","@lau @caseAudit","caseAudit.spec.js","",""
"","3148","@checklist 6. Page Title is unique","lau-firefox","Thu Jul 31 14:53:45 BST 2025","passed","Thu Jul 31 14:53:48 BST 2025","@lau @challengedSpecific","challengedAndSpecific.spec.js","",""
